Company Name,Website,Field,HQ Location,Company Overview,Date: Company Founded,Company LinkedIn URL,Last Funding Round Type ,Last Funding Date,Last Funding Amount $USD,Total Raised $USD,Founders Name,Investors
Ada,ada.support,Chatbots,"Toronto, Ontario, Canada",Ada is an automated customer experience company that provides chat bots used in customer support.,2016,https://www.linkedin.com/company/ada-support,Series C,2021-05-07,"$130,000,000.00","$190,620,620.00",David Hariri; Mike Murchison,Tiger Global Management; Bessemer Venture Partners; Creative Destruction Lab (CDL); Accel; DMZ
Balto,balto.ai,Chatbots,"St Louis, Missouri, United States",Uniting agents with AI for conversations that deliver results. Empower your team using real-time guidance with Balto.,2017,https://www.linkedin.com/company/baltosoftware/,Series B,2021-08-19,"$37,500,000.00","$51,850,000.00",Chris Kontes; Davidson Girard; Marc Bernstein,Jump Capital; Sierra Ventures; Stripes; Arch Grants; Cultivation Capital
Certainly,certainly.io,Chatbots,"Copenhagen, Hovedstaden, Denmark",Certainly is a Conversational AI Platform made for ecommerce and customer service.,2016,https://www.linkedin.com/company/certainly,Seed,2020-09-23,"$4,662,640.00","$5,058,801.00",Dario Darío Rodríguez López; Henrik Fabrin,Seed Capital; VF Venture; Esben Gadsbøll; Thomas Black Petersen
Cohere,cohere.so,Chatbots,"New York, New York, United States","Exceed customer expectations 24/7/365. Drive support costs down, and CSAT up.",,https://www.linkedin.com/company/coherehq/,,,,,,
Cresta,cresta.com,Chatbots,"San Francisco, California, United States",Cresta leverages artificial intelligence to help sales and service agents improve the quality of their customer service.,2017,https://www.linkedin.com/company/cresta-inc/,Series C,2022-03-17,"$80,000,000.00","$151,000,000.00",S. Zayd Enam; Sebastian Thrun; Tim Shi,Andreessen Horowitz; Sequoia Capital; JP Morgan Chase; Zoom; CarMax
EliseAI,eliseai.com,Chatbots,"New York, New York, United States",Powering business conversations.,,https://www.linkedin.com/company/eliseai/,,,,,,
Forethought,forethought.ai,Chatbots,"San Francisco, California, United States",Forethought provides customer service solutions that transform the customer experience with human-centered AI.,2017,https://www.linkedin.com/company/18555572/,Series C,2021-12-15,"$65,000,000.00","$92,000,000.00",Colm Doyle; Deon Nicholas; Sami Ghoche,Village Global; Collaborative Fund; 8VC; New Enterprise Associates; Cleo Capital
Haptik,haptik.ai,Chatbots,"Mumbai, Maharashtra, India",Accelerating the world’s transition to Conversational Commerce.,2013,https://www.linkedin.com/company/haptik-inc,Series B,2016-04-05,"$11,200,000.00","$12,200,000.00",Aakrit Vaish; Swapan Rajdev,Kalaari Capital; Times Internet; Vivek Kumar
IN.WORLD,inworld.ai,Chatbots,"Mountain View, California, United States","Inworld AI is a creative platform for AI-driven virtual characters, immersive realities, and metaverse spaces.",2021,https://www.linkedin.com/company/inworld-ai,Series A,2022-08-23,"$50,000,000.00","$69,700,000.00",Ilya Gelfenbeyn; Kylan Gibbs; Michael Ermolenko,Meta; BITKRAFT Ventures; Founders Fund; Section 32; Intel Capital
Kasisto,kasisto.com,Chatbots,"New York, New York, United States","Kasisto's enables financial institutions to service, engage, and acquire customers.",2013,https://www.linkedin.com/company/kasisto-inc/,Series C,2022-08-22,"$15,500,000.00","$81,450,000.00",Dror Oren; Ruth Brown; Sasha Caskey; Zor Gorelov,NCR; FIS; Mastercard; Oak HC; FT; DBS Bank
Lang.ai,lang.ai,Chatbots,"Madrid, Madrid, Spain",Lang.ai is a language understanding platform that automates tagging and repetitive actions for every support conversation.,2018,https://www.linkedin.com/company/lang-ai/,Series A,2022-05-12,"$10,500,000.00","$12,500,000.00",Borja González; Enrique Fueyo Ramírez; Jorge Peñalva,Alumni Ventures; Village Global; 500 Global; GTMFund; Forum Ventures
Luka (dba Replika),replika.ai,Chatbots,"San Francisco, California, United States","Luka is a software development company based in San Francisco, California",2015,https://www.linkedin.com/company/luka-inc,Series A,2017-11-30,"$6,500,000.00","$10,920,000.00",Eugenia Kuyda,Y Combinator; Khosla Ventures; Ludlow Ventures; Zillionize; ACME Capital
NLX,nlx.ai,Chatbots,"New York, New York, United States",NLX transforms customer contact into personalized self-service experiences.,2018,https://www.linkedin.com/company/nlx-ai,Seed,2022-01-27,"$5,000,000.00","$5,000,000.00",Andrei Papancea; Vlad Papancea,JetBlue Ventures; Flying Fish Partners; Sage Venture Partners; Aquila Capital Partners
Observe.AI,observe.ai,Chatbots,"San Francisco, California, United States",Observe.AI is the leading conversation intelligence platform for boosting contact center performance.,2017,https://in.linkedin.com/company/observeai,Series C,2022-04-12,"$125,000,000.00","$214,020,000.00",Akash Singh; Sharath Keshava Narayana; Swapnil Jain,Zoom; Y Combinator; Bossanova Investimentos; Nexus Venture Partners; Menlo Ventures
PolyAI,poly-ai.com,Chatbots,"London, England, United Kingdom",Next generation conversational AI for unbeatable customer service automation.,,,,,,,,
Sapling.ai,sapling.ai,Chatbots,"San Francisco, California, United States",Sapling is the AI writing assistant for customer-facing teams.,2018,https://www.linkedin.com/company/saplingai,Pre-Seed,2019-03-18,"$150,000.00","$150,000.00",Ziang Xie,Y Combinator
Sociate,https://sociate.ai,Chatbots,"London, England, United Kingdom","The future is conversational.   MAIA by Sociate is an AI personal stylist marketplace plug-in for luxury and preloved fashion marketplaces, leveraging proprietary curiosity-infused generative AI.    MAIA sees and speaks to let every customer tell and show what they need and love, like they would with a human assistant.  Online shopping for clothes is broken, reliant on keyword searches and scrolling. 79% of customers simply give up searching by page 3. With MAIA, customers never have to endlessly click and scroll to find the things they love ever again- all without any labelling or tagging burden for the retailer, improving conversion by up to 800%.",2020,https://www.linkedin.com/company/sociate-ai/,Pre-Seed,March 2020,"200,000","300,000",Yasmin Topia,"AI Seed, Startup Funding Club and Outlier Ventures"
Tymely,tymely.ai,Chatbots,"Tel Aviv, Tel Aviv, Israel",Tymely uses AI-human hybrid tech that allows users to handle their support emails and chats and provides empathetic and accurate service.,2020,https://www.linkedin.com/company/tymelyinc/about/,Seed,2022-09-23,"$7,000,000.00","$7,000,000.00",,Hetz Ventures; 97212 Ventures; DESCOvery
ultimate.ai,ultimate.ai,Chatbots,"Berlin, Berlin, Germany",Automate your customer support with the world's most powerful virtual agent platform. In 109 languages. Rated #1 on G2.,2017,https://www.linkedin.com/company/ultimatemoney/,Series A,2020-12-03,"$20,000,000.00","$27,400,545.00",Jaakko Pasanen; Markus Rautio; Reetu Kainulainen; Sarah Al-Hussaini,Techstars; European Innovation Council; OMERS Ventures; Felicis Ventures; Maki.vc
Ushur,ushur.com,Chatbots,"Santa Clara, California, United States",Ushur is a cloud-based AI company that automates service workflows in both the backend process and conversational interfaces.,2014,https://www.linkedin.com/company/ushur-me,Series B,2021-02-09,"$5,000,000.00","$42,000,000.00",Henry Peter; Simha Sadasiva,Plug And Play; 8VC; Third Point Ventures; Iron Pillar; Aflac Global Ventures
Verloop.io,verloop.io,Chatbots,"Bengaluru, Karnataka, India",Conversational AI for Customer Support,,https://www.linkedin.com/company/verloopio/,,,,,,
XOKind,xokind.com,Chatbots,"San Diego, California, United States","XOKind is an AI startup, formed with the mission of simplifying human planning and decision.",2019,https://www.linkedin.com/company/xokind,Pre-Seed,2019-12-12,"$3,600,000.00","$3,600,000.00",Arjun Bansal; Sarah Harris; Scott Leishman; Yinyin Liu,Section 32; Frederic Kerrest; Adam D’Angelo; Naveen Rao; Chuck Dietrich
Adept,adept.ai,ML Platforms,"San Francisco, California, United States",Adept is an artificial intelligence technology company whose goal is to create general artificial intelligence.,2022,https://www.linkedin.com/company/adeptailabs/about/,Series A,2022-04-28,"$65,000,000.00","$65,000,000.00",,Scott Belsky; Addition; Greylock; Root Ventures; Howie Liu
Aporia,aporia.com,ML Platforms,"Tel Aviv, Tel Aviv, Israel",Full-stack ML Observability Platform,2019,https://www.linkedin.com/company/aporiaai,Series A,2022-02-23,"$25,000,000.00","$30,000,000.00",Alon Gubkin; Liran Hason,Tiger Global Management; Samsung NEXT; TLV Partners; Vertex Ventures; Tal Ventures
Archistar.ai,archistar.ai,ML Platforms,"Sydney, New South Wales, Australia","Archistar creates cutting-edge technology that revolutionises the way property professionals plan, design, and build.",2010,https://www.linkedin.com/company/archistarai,Series A,2022-01-01,"$7,990,945.00","$21,960,799.00",Benjamin Coorey; Robert Coorey,AirTree Ventures; NAB Ventures; Skip Capital; Skyfield Capital
Deepset,deepset.ai,ML Platforms,"Berlin, Berlin, Germany",Next-level semantic search for enterprises fueled by latest NLP and open-source,2018,https://www.linkedin.com/company/deepset-ai,Series A,2022-04-28,"$14,000,000.00","$15,600,000.00",Malte Pietsch; Milos Rusic; Timo Möller,GV; Acequia Capital (AceCap); Charlie Songhurst; Mustafa Suleyman; Harpoon
Featureform,featureform.com,ML Platforms,"San Francisco, California, United States","Featureform standardizes how features are defined, managed, and shared.",2019,,Pre-Seed,2021-01-15,"$2,000,000.00","$2,000,000.00",Simba Khadder,Berkeley SkyDeck Fund; Zetta Venture Partners
Galileo,rungalileo.io,ML Platforms,"San Francisco, California, United States",Next generation data toolchain for ML developers,2021,https://www.linkedin.com/company/run-galileo,Series A,2022-11-01,"$18,000,000.00","$23,100,000.00",Atindriyo Sanyal; Vikram Chatterji; Yash Sheth,Battery Ventures; FPV Ventures; Lip-Bu Tan; Walden Catalyst; Anthony Goldbloom
Humains,https://www.humains.com,ML Platforms,"Tel Aviv, Tel Aviv, Israel",Creating autonomous Generative AI agents acting at a human level.,2016,https://www.linkedin.com/company/inpris/,Seed,2022,700k Safe out of $2.5m total,"$2,500,000",Nissan Yaron,Private
Jina AI,jina.ai,ML Platforms,"Berlin, Berlin, Germany",Empowering businesses and developers to build neural search solutions in minutes at scale.,2020,https://www.linkedin.com/company/jinaai,Series A,2021-11-22,"$30,000,000.00","$37,500,000.00",Han Xiao; Xuanbin He,GGV Capital; SAP.iO; Yunqi Partners; Mango Capital; Canaan Partners
LatticeFlow,https://latticeflow.ai,ML Platforms,"Zurich, Zurich, Switzerland","LatticeFlow empowers ML teams to automatically diagnose and fix issues in their AI data and models, as well as assess their safety, reliability and hidden-biases.",2020,https://www.linkedin.com/company/latticeflow/,Series A,"October, 2022","$12,000,000","$14,800,000","Pavol Bielik, Petar Tsankov, Martin Vechev, Andreas Krause","Atlantic Bridge, Open Ocean, Global Founders Capital, btov Partners"
Loci,https://www.loci.ai,ML Platforms,"London, England, United Kingdom","Loci provides an AI platform to help teams understand, sort, and edit vast libraries of 3D content instantly and automatically.",2021,https://www.linkedin.com/company/loci-ai/,Pre-seed,Nov 2021,725000,725000,"Eugene Yi, Jack Davis",
Mystic,https://www.mystic.ai,ML Platforms,,Fast API for generative or custom ML models . Cutting out the need for DevOPs. Keeping costs down through Serverless compute,2019,https://www.linkedin.com/mwlite/company/mystic-ai,SAFE $3.1M 2022,Aug 2022,"$3,100,000","$4,000,000",Paul Hetherington,"Y-Combinator, Good News Ventures, Lunar Ventures,"
Slai,slai.io,ML Platforms,"Cambridge, Massachusetts, United States",slai deploys machine learning models in minutes using infrastructure managed for you.,2021,,Seed,2022-05-10,"$3,500,000.00","$3,500,000.00",Eli Mernit; Luke Lombardi,Alumni Ventures; Tiger Global Management; Y Combinator; Soma Capital; Guy Podjarny
Symbl.ai,symbl.ai,ML Platforms,"Seattle, Washington, United States","Symbl.ai is an early-stage, venture-backed startup that is democratizing access to conversational intelligence for developers.",2018,https://www.linkedin.com/company/symblai/,Series A,2021-11-05,"$17,000,000.00","$23,740,000.00",Surbhi Rathore; Toshish Jawale,Techstars; Bossanova Investimentos; TechNexus Venture Collaborative; GreatPoint Ventures; Jump Capital
Synthesis AI,synthesis.ai,ML Platforms,"San Francisco, California, United States",Synthesis AI provides a data generation platform for computer vision.,2019,https://www.linkedin.com/company/synthesis-ai/about/,Series A,2022-04-28,"$17,000,000.00","$21,500,000.00",Yashar Behzadi,Bossanova Investimentos; 468 Capital; Bee Partners; PJC; LETA Capital
AI21 Labs,ai21.com,Text,"Tel Aviv, Tel Aviv, Israel",AI21 Labs specializes in developing AI systems with an unprecedented capacity to understand and generate natural language.,2017,https://www.linkedin.com/company/ai21/,Series B,2022-07-12,"$64,000,000.00","$118,500,000.00",Ori Goshen; Yoav Shoham,Walden Catalyst; Pitango Venture Capital; Ahren Innovation Capital; TPY Capital; Mark Leslie
Anyword,anyword.com,Text,"New York, New York, United States",Anyword offers publishers and marketers an approach to content distribution and performance measurement.,2013,https://www.linkedin.com/company/getanyword/,Series B,2021-11-18,"$21,000,000.00","$30,100,000.00",Arnon Joseph; Yaniv Makover,The New York Times; UpWest; Innovation Endeavors; Marker; Nir Eyal
Autobound,autobound.ai,Text,"San Francisco, California, United States","Empowering BDRs and AEs to personalize their outreach at scale, using CRM and 3rd party insights.",2018,https://www.linkedin.com/company/autobound,Pre-Seed,2020-06-30,"$1,800,000.00","$1,800,000.00",Daniel Wiener; Kyle Schuster; Tanner McRae,
Cogram,cogram.com,Text,"Berlin, Berlin, Germany",Empower everyone on your team to query data,2021,https://www.linkedin.com/company/cogramai,Seed,2022-04-23,"$4,000,000.00","$4,500,000.00",,Y Combinator
Compose.AI,compose.ai,Text,"Chicago, U.S.A",Compose AI is a free Chrome extension that cuts your writing time by 40% with AI-powered autocompletion,,https://www.linkedin.com/company/compose-ai/,,,,,Mike Shuffet ,
Contexts.com,https://www.contents.com,Text,"Milan, Italy","Contents.com is a Generative Artificial Intelligence SaaS platform that offers automatic content creation tools to support any business.  The combination of artificial intelligence models with proprietary datasets enables high-performance, multi-purpose content generation. The human experience trains the machine to become highly autonomous, up-to-date and performant. This solution covers the entire content workflow, from conception to creation to transformation. Our mission is to transform the content creation market by harnessing the power of the most advanced artificial intelligence technologies combined with the power of human creativity.  Contents' vision embraces an inclusive world where communication barriers do not exist. It wants to become the benchmark for all companies that want to learn how to express themselves better, communicate more powerfully, and be heard more effectively.",2017,https://www.linkedin.com/company/contentsdotcom/mycompany/,"Funding round, series A",2021-03-18,"$8,000,000","$8,000,000",Massimiliano Squillace,Synergo Capital
CopyAI,copy.ai,Text,"Memphis, Tennessee, United States",CopyAI is a startup building AI-powered copywriting tools for business customers.,2020,https://www.linkedin.com/company/copyai,Series A,2021-10-14,"$11,000,000.00","$13,900,000.00",Chris Lu; Paul Yacoubian,Sequoia Capital; Craft Ventures; Tiger Global Management; Wing Venture Capital; Elad Gil
Copymatic,copymatic.ai,Text,"Los Angeles, California, United States","AI-powered copy & content writer. Generate unique, engaging and quality content: from blog posts or landing pages to digital ads in seconds.",2021,https://www.linkedin.com/company/copymaticai/,,,,,Ryan Faber,
Copysmith,copysmith.ai,Text,"San Francisco, California, United States","The world's best AI copywriter. Use AI to write copy for ads, product descriptions, social media posts, landing pages, blog posts, and more.",2020,https://www.linkedin.com/company/copysmith/,Seed,2021-04-21,"$10,000,000.00","$10,000,000.00",Anna Wang; Jasmine Wang,Providence Strategic Growth (PSG); Harmony Venture Labs
Creatext,creatext.ai,Text,"Berlin, Berlin, Germany",Creatext is a Berlin-based team of AI engineers building a “GitHub Copilot for salespeople”.,2020,https://www.linkedin.com/company/creatext-nlp/,Pre-Seed,2021-01-25,"$120,000.00","$120,000.00",Jérôme Bau; Lukas Kemkes,Techstars; Techstars Berlin Accelerator
Frase,frase.io,Text,"Boston, Massachusetts, United States",Frase is provides Artificial intelligence based market research assistant.,2016,https://www.linkedin.com/company/fraseai,Seed,2018-09-19,"$947,000.00","$947,000.00",Cody Jacques; Tomas Ratia,Bantam Group; Pedro Tortosa
genei,genei.io,Text,"London, England, United Kingdom","Genie is an AI-powered platform for information extraction, note-taking, and research.",2019,https://www.linkedin.com/company/genei,Pre-Seed,2021-09-17,"$125,000.00","$125,000.00",Adrien Wald; Billy B. Richards; Jack Bowen,Y Combinator; PROTOCOL — by GETTYLAB; Youcef Oudjidane
GoCharlie,https://www.GoCharlie.ai,Text,,AI content creation platform,2021,,,,"$385,000","$405,000",Brennan Woodruff,
Hypertype.co,hypertype.co,Text,"Stockholm, Stockholms Lan, Sweden",Hypertype is the smartest email experience for sales communications using AI.,2021,https://www.linkedin.com/company/hypertype-co,Pre-Seed,2022-05-04,"$1,221,408.00","$1,499,749.00",Alex Bejan; Beatrice Baltscheffsky; Teenie Fung,Antler; Luminar Ventures; Propel Capital; Sting
Hypotenuse,hypotenuse.ai,Text,"Mountain View, California, United States","Hypotenuse AI automatically generates content writing for businesses, including product descriptions, advertising text, and blog posts.",2020,https://www.linkedin.com/company/hypotenuse-ai/,Seed,2021-01-09,,"$125,000.00",Joshua Wong; Low Lin-Hui,Y Combinator; CABRA VC; Protégé Ventures
Jasper,jasper.ai,Text,"Austin, Texas, United States",Jasper is an AI content platform that allows individuals and teams to use AI to scale their content strategies.,2021,https://www.linkedin.com/company/heyjasperai,Series A,2022-10-18,"$125,000,000.00","$131,000,000.00",Dave Rogenmoser; John Philip Morgan,Insight Partners; IVP; Bessemer Venture Partners; Coatue; Bossanova Investimentos
Lately,lately.ai,Text,"New York, New York, United States",Lately is the only A.I.-powered social media marketing management platform that creates content FOR you.,2014,https://www.linkedin.com/company/latelyai,Convertible Note,2021-01-15,"$405,000.00","$3,385,066.00",Brian S; Jason DeBacco; Kate Bradley Chernis; Steve Blood,LAUNCH; (ERA) Entrepreneurs Roundtable Accelerator; Isaac Oates; Joanne Wilson; Grand Central Tech
Letterdrop,letterdrop.com,Text,"San Francisco, California, United States",Letterdrop is a web and email publishing platform that helps creators and small businesses earn.,2020,https://www.linkedin.com/company/letterdrop,Pre-Seed,2020-03-31,,,Parthi Loganathan,Y Combinator
Linguix,https://linguix.com,Text,"Miami, Florida, United States",Free AI-based online writing assistant,,https://www.linkedin.com/company/linguix-grammar/,Pre-Seed,,,,,Antler
Mavenoid,mavenoid.com,Text,"Stockholm, Stockholms Lan, Sweden",Mavenoid develops an AI-driven product support and troubleshooting platform for hardware companies.,2017,https://www.linkedin.com/company/mavenoid/,Series B,2022-08-31,"$30,000,000.00","$39,900,000.00",Gintautas Miliauskas; Shahan Lilja,Creandum; Mosaic Ventures; Point Nine; Jeremy Yap; ABB Technology Ventures
Mutiny,mutinyhq.com,Text,"San Francisco, California, United States","Mutiny offers a personalization website, advertising, account-based marketing, and paid media optimization services.",2018,https://www.linkedin.com/company/mutinyhq,Series B,2022-04-20,"$50,000,000.00","$71,620,000.00",Jaleh Rezaei; Nikhil Mathew,Sequoia Capital; Insight Partners; Tiger Global Management; Y Combinator; Hack VC
OthersideAI (HyperWrite),othersideai.com,Text,"Los Angeles, California, United States",OthersideAI is a provider of an AI-driven software which turns summaries and shorthand notes into written emails.,2020,https://www.linkedin.com/company/othersideai,Seed,2020-11-12,"$2,600,000.00","$2,600,000.00",Jason Kuperberg; Matt Shumer; Miles Feldstein,Madrona; Hustle Fund; Chapter One Ventures; Active Capital; New York Venture Partners
Persado,persado.com,Text,"New York, New York, United States",Persado provides Motivation Artificial Intelligence (AI) that drives personalized communications at scale.,2012,http://www.linkedin.com/company/persado,Series C,2016-04-05,"$30,000,000.00","$66,000,000.00",Alex Vratskides; Assaf Baciu; Guy Krief,Goldman Sachs; Citi Ventures; Bain Capital Ventures; American Express Ventures; American Express
regie.ai,regie.ai,Text,"San Francisco, California, United States",Regie is an all-in-one AI content creation and management system for modern GTM teams.,2020,https://www.linkedin.com/company/regie-ai/,Series A,2022-09-29,"$10,000,000.00","$14,800,000.00",Matt Millen; Srinath Sridhar,Foundation Capital; Scale Venture Partners; Day One Ventures; South Park Commons
Smart Writer,smartwriter.ai,Text,"Sydney, New South Wales, Australia",Personalised AI Cold Email Outreach. Automate your entire lead generation in 1 click,,https://www.linkedin.com/company/smartwriterai/?originalSubdomain=au,,,,,,
Typewise,https://www.typewise.app,Text,"Zurich, Zurich, Switzerland",AI Writing Solution for Customer Service and Sales teams.,2019,https://www.linkedin.com/company/typewise/,Seed,2022-09-01,,"$3,400,000",Janis Berneker,Y Combinator 
Writer,writer.com,Text,"San Francisco, California, United States","Writer is the AI writing platform for teams. Customers include UnitedHealthcare, Accenture, Intuit, L'Oreal, UiPath, HubSpot, and Spotify.",2020,http://www.linkedin.com/company/getwriter,Series A,2021-11-15,"$21,000,000.00","$26,000,000.00",May Habib; Waseem AlShikh,Insight Partners; GTMFund; Bonfire Ventures; Upfront Ventures; Scott Belsky
Writesonic,writesonic.com,Text,"San Francisco, California, United States","Writesonic's AI writing assistant is used by 200,000 businesses to automate their writing and save 80% of their time and energy.",2021,https://www.linkedin.com/company/writesonic/,Seed,2021-09-30,"$2,500,000.00","$2,625,000.00",Samanyou Garg,Y Combinator; Soma Capital; HOF Capital; Amino Capital; BluePointe Ventures
You.com,you.com,Text,"Palo Alto, California, United States",You.com is a search engine that helps users find what they're looking for by prioritizing real results.,2020,https://www.linkedin.com/company/youdotcom,Series A,2022-07-14,"$25,000,000.00","$45,000,000.00",Bryan McCann; Richard Socher,SV Angel; Day One Ventures; Radical Ventures; Norwest Venture Partners; Breyer Capital
Ad Auris,https://www.ad-auris.com,Audio,"Vancouver, British Columbia, Canada","Turning written content into podcast-like audio, instantly.",,https://www.linkedin.com/company/ad-auris/,Pre-Seed,,,,,Antler
Aimi,aimi.fm,Audio,"Austin, Texas, United States",Not a playlist. Not radio. Aimi is an entirely new listening experience. Just press play.,2019,https://www.linkedin.com/company/54311717/admin/,Series B,2021-11-19,"$20,000,000.00","$20,000,000.00",Edward Balassanian,Ethos VC; Founders Fund; Great Mountain Partners
Altered,https://www.altered.ai,Audio,"London, England, United Kingdom",Digital Audio Content Creation,2018,https://www.linkedin.com/company/altered-ltd/,,,,,Ioannis Agiomyrgiannakis ,
AssemblyAI,assemblyai.com,Audio,"San Francisco, California, United States",AssemblyAI is an AI company building a platform of APIs to transcribe and understand audio data.,2017,https://www.linkedin.com/company/assemblyai/,Series B,2022-07-14,"$30,000,000.00","$63,120,000.00",Dylan Fox,Insight Partners; Accel; Y Combinator; TechNexus Venture Collaborative; Daniel Gross
coqui.ai,coqui.ai,Audio,"Berlin, Berlin, Germany",Coqui is a startup that provides open speech tech for everyone.,2021,https://www.linkedin.com/company/coqui-ai,,,,,Eren Gölge; Josh Meyer; Kelly Davis; Reuben Morais,
Deepgram,deepgram.com,Audio,"San Francisco, California, United States",Deepgram is an AI Speech Platform that provides developers with a simple to use Speech-to-Text API.,2015,https://www.linkedin.com/company/deepgram,Series B,2022-11-29,"$47,000,000.00","$85,920,000.00",Noah Shutty; Scott Stephenson,Tiger Global Management; Y Combinator; NVIDIA; BlackRock; 1517 Fund
Dubverse.ai,dubverse.ai,Audio,"Gurgaon, Haryana, India",Dubverse.ai is an AI-powered SaaS video content dubbing and creation platform which supports end-to-end dubbing.,2021,https://www.linkedin.com/company/dubverse,Seed,2022-06-07,"$800,000.00","$800,000.00",Anuja Dhawan; Varshul CW,Kalaari Capital
Endel,endel.io,Audio,"Berlin, Berlin, Germany","Endel is a cross-platform audio ecosystem that creates personalized soundscapes to reduce stress, improve sleep, and boost productivity.",2018,https://www.linkedin.com/company/endelsound,Series B,2022-04-05,"$15,000,000.00","$21,221,791.00",Dimitry Bezugly; Kirill Bulatsev; Oleg Stavitsky,Techstars; Kima Ventures; True Ventures; Target Global; Amazon Alexa Fund
Kaizan,kaizan.ai,Audio,"London, England, United Kingdom","The AI assistant that amplifies your abilities at work - Stop writing notes, updates and reports - Get your AI to do it.",2021,https://www.linkedin.com/company/kaizan/,Pre-Seed,2022-05-18,"$1,152,071.00","$1,152,071.00",Glen Calvert; Pravin Paratey,Entrepreneur First; Ledger; Founders Factory; Charlotte Street Capital; IPONWEB
Krisp,krisp.ai,Audio,"Berkeley, California, United States",Krisp’s mission is to empower people to speak more effectively through technology.,2017,https://www.linkedin.com/company/krisphq/,Series A,2021-02-16,"$9,000,000.00","$17,500,000.00",Artavazd Minasyan; Davit Baghdasaryan,Sierra Ventures; TechNexus Venture Collaborative; Berkeley SkyDeck Fund; RTP Global; Shanda Group
Listnr,listnr.tech,Audio,"Middletown, Delaware, United States","Listnr is an all in one podcating solution to help you record, edit, distribute and monetize your podcast on one platform.",2020,https://www.linkedin.com/company/listnr,,,,,Ananay Batra,
LOVO,lovo.ai,Audio,"Berkeley, California, United States",LOVO is an AI and machine learning text-to-speech voiceover speech software platform.,2019,https://www.linkedin.com/company/lovoai,Seed,2022-04-07,"$2,000,000.00","$6,850,000.00",Tom Lee,Berkeley SkyDeck Fund; Primer Sazze Partners; Goodwater Capital; Hashed; PKO Investments
Moises,moises.ai,Audio,"Salt Lake City, Utah, United States",Moises is an audio-tech company that leverages machine learning and data science in relation to music and audio processing.,2019,https://www.linkedin.com/company/43368220,Venture - Series Unknown,2022-06-10,"$8,825,709.00","$10,425,709.00",Eddie Hsu; Geraldo Ramos; Jardson Almeida,Alumni Ventures; Norwest Venture Partners; Index Ventures; Goodwater Capital; Kickstart
Mubert,mubert.com,Audio,"Dover, Delaware, United States","Mubert is an AI-powered platform that allows its users to create soundtracks and music, and also connects musicians and listeners.",2017,https://www.linkedin.com/company/mubert/,Convertible Note,2020-03-04,"$1,300,000.00","$2,200,000.00",Alexey Kochetkov,AltaIR Capital; GVA Capital; LVL1 Group; IT-Farm; Marat Kichikov
MURF AI,murf.ai,Audio,"Salt Lake City, Utah, United States","Murf AI is a synthetic speech technology startup developing lifelike AI voices for podcasts, slideshows, and professional presentations.",2020,https://in.linkedin.com/company/murf-ai,Series A,2022-09-21,"$10,000,000.00","$11,500,000.00",Ankur Edkie; Divyanshu Pandey; Sneha Roy,Elevation Capital; Sanjeev Barnwal; Matrix Partners India; Vidit Aatrey; Ankit Bhati
Neural Space,neuralspace.ai,Audio,"London, England, United Kingdom",The one-stop solution for all your NLP needs in 100+ languages,2019,https://www.linkedin.com/company/neuralspace/,Seed,2022-09-20,"$1,251,874.00","$3,071,875.00",Ayushman Dash; Felix Laumann; Kumar Shridhar,Techstars; APX; Verissimo Ventures; Merus Capital; GoHub
Notably,notably.ai,Audio,"Florida, New York, United States",Notably offers a qualitative research intelligence platform for building a SaaS product & offering qualitative research.,2021,https://www.linkedin.com/company/notablyai/,Seed,2022-10-12,"$1,500,000.00","$1,500,000.00",,Sentiero Ventures
Papercup,papercup.com,Audio,"London, England, United Kingdom",Papercup translates videos using AI by generating voices that sound like the original speaker,2017,https://www.linkedin.com/company/papercup-ai/,Series A,2022-06-09,"$20,000,000.00","$33,234,603.00",Jesse Shemen; Jiameng Gao,Entrepreneur First; Sands Capital Ventures; Octopus Ventures; LocalGlobe; BDMI
Replica Studios,replicastudios.com,Audio,"Brisbane, Queensland, Australia",Replica Studios creates naturally expressive voice-overs and performances through an AI that can replicate the human voice.,2018,https://www.linkedin.com/company/replica-ai,Seed,2021-09-03,"$2,873,757.00","$5,373,757.00",Keni Mardira; Riccardo Grinover; Shreyas Nivas,Carthona Capital; The Venture Reality Fund; VRF; Techstars Ventures; Mawson Ventures
Resemble AI,resemble.ai,Audio,"Toronto, Ontario, Canada",Resemble AI creates Custom Voices using proprietary Deep Learning models that can produce realistic Speech Synthesis.,2018,https://www.linkedin.com/company/resembleai,Seed,2021-05-16,"$2,000,000.00","$4,000,000.00",Saqib Muhammad; Zohaib Ahmed,Craft Ventures; Betaworks; Canaan Partners; Firstminute Capital; Spacecadet Ventures
Soundful,soundful.com,Audio,"San Diego, California, United States",The future of music is now. Empowering Everyone to Make Music and Content.,,https://www.linkedin.com/company/soundful/,,,,,,
Soundraw,https://soundraw.io,Audio,"Tokyo, Japan",AI music generator for creators,2020,https://www.linkedin.com/company/soundraw/,Pre-series A,2022/6,"1,500,000","2,000,000",Daigo Kusunoki,
Speechify,speechify.com,Audio,"Miami, Florida, United States",Speechify is a mobile and desktop app that allows people with dyslexia and low vision to read out using text to speech voice.,2017,https://www.linkedin.com/company/getspeechify/,Seed,2020-01-01,,,Cliff Weitzman; Tyler Weitzman,Streamlined Ventures; Adjacent; G9 Ventures
Vocal Clarity ,https://www.vocalclarity.ai,Audio,"New York, New York, United States",Speech enhancement by voice synthesis.,,https://www.linkedin.com/company/vocal-clarity-inc/,Pre-Seed,,,,Fred Wells ,Anter
Voicemod,voicemod.net,Audio,"Valencia, Comunidad Valenciana, Spain",Voicemod is the best free voice changer software for Windows.,2014,https://www.linkedin.com/company/voicemod,Series A,2020-07-01,"$7,988,496.00","$8,547,522.00",Fernando Bosch; Jaime Bosch; Juan Bosch,Demium; BITKRAFT Ventures; Wayra; ABACON CAPITAL; Pinama Investment
WellSaid Labs,wellsaidlabs.com,Audio,"Seattle, Washington, United States","WellSaid Labs is a developer of art text-to-speech technology that creates life-like synthetic voices, from the voices of real people.",2018,https://www.linkedin.com/company/wellsaidlabs,Series A,2021-07-07,"$10,000,000.00","$10,000,000.00",,Qualcomm Ventures; FUSE; Voyager Capital; Good Friends
Air,air.inc,Search,"Brooklyn, New York, United States",Air is a developer of workplace collaboration and cloud storage replacement tool used to offer media management services.,2017,https://www.linkedin.com/company/airhq/,Series A,2022-01-28,"$10,000,000.00","$28,000,000.00",,Tiger Global Management; Jack Altman; Lerer Hippeau; Red Sea Ventures; Headline
Consensus,consensus.app,Search,"Boston, Massachusetts, United States",Consensus is search engine that uses AI to find answers straight from scientific research.,2021,https://www.linkedin.com/company/consensus-nlp/,Pre-Seed,2021-12-15,"$1,000,000.00","$1,000,000.00",Christian Salem; Eric Olson,Winklevoss Capital; Sam Parr; Joe Speiser; Permit Ventures; Bettor Capital
Glean,glean.com,Search,"Palo Alto, California, United States",Glean provides a work assistant that allows and helps employees find any piece of data through at their workplace.,2019,https://www.linkedin.com/company/gleanwork,Series C,2022-05-18,"$100,000,000.00","$155,000,000.00",Arvind Jain; Piyush Prahladka; Tony Gentilcore; TR Vishwanath,Sequoia Capital; Lightspeed Venture Partners; General Catalyst; Slack Fund; Kleiner Perkins
Hebbia,hebbia.ai,Search,"New York, New York, United States",Hebbia's neural search lets you execute research 10X faster and 10X more accurately.,2021,http://linkedin.com/company/hebbia,Series A,2022-06-17,"$30,000,000.00","$31,100,000.00",George Sivulka,Index Ventures; Radical Ventures; Naval Ravikant; Ram Shriram; Jerry Yang
Looria,looria.com,Search,"Zurich, Zurich, Switzerland","Looria gathers, analyzes and summarizes the most trusted product reviews.",2021,https://www.linkedin.com/company/heylooria,,,,,,
Pinecone,pinecone.io,Search,"San Mateo, California, United States",Similarity Search as a Service,2019,https://www.linkedin.com/company/pinecone-io/,Series A,2022-03-29,"$28,000,000.00","$38,000,000.00",Edo Liberty,Tiger Global Management; Menlo Ventures; Wing Venture Capital
Qdrant,qdrant.tech,Search,"Berlin, Berlin, Germany",Qdrant is an open-source vector similarity search engine.,2021,https://www.linkedin.com/company/qdrant/,Pre-Seed,2022-01-12,"$2,288,072.00","$2,288,073.00",Andre Zayarni,42CAP; IBB Ventures; Mücke Roth & Company
Vectara,vectara.com,Search,"Cupertino, California, United States",SaaS,2020,https://www.linkedin.com/company/vectara,Seed,2022-10-13,,,Amr Awadallah,Page One Ventures
AIXcoder,aixcoder.com,Code,"Haidian, Beijing, China",AIXcoder is an AI virtual programming robot developer company.,2017,,Series A,2022-03-21,"$1,573,316.00","$2,050,395.00",Ge Li; Yiyang Hao,Hillhouse Capital Group; PreAngel
Anima App,animaapp.com,Code,"New York, New York, United States",Anima is the design-to-code platform.,2017,https://linkedin.com/company/anima-app,Series A,2021-09-01,"$10,000,000.00","$12,620,000.00",Avishay Cohen; Michal Cohen; Or Arbel,Y Combinator; Hetz Ventures; MizMaa Ventures; Binder & Partners Ventures; Ariel Maislos
Bloop,bloop.ai,Code,"London, England, United Kingdom",Bloop.ai is an extension for a code editor that surfaces code examples from each library’s official documentation.,2021,https://www.linkedin.com/company/bloopai/about/,Pre-Seed,2021-08-31,"$125,000.00","$125,000.00",Gabriel Gordon-Hall; Louis Knight-Webb,Y Combinator; Matilde Giglio
Codacy,codacy.com,Code,"Lisbon, Lisboa, Portugal",Codacy is an automated code review tool that helps developers save time in code reviews and manage technical debt.,2012,https://www.linkedin.com/company/codacy,Series B,2022-09-21,"$15,000,000.00","$29,400,000.00",Jaime Jorge; Joao Caxaria,Seedcamp; EQT Ventures; Faber; Bright Pixel; Join Capital
Codiga,codiga.io,Code,"Denver, Colorado, United States","Help developers write better code, faster",2019,https://www.linkedin.com/company/codigahq/,Seed,2022-02-22,"$2,100,000.00","$2,220,000.00",Jessica Mercedes; Julien Delange,Techstars; LAUNCH; Olivier Pomel; Service Provider Capital; 2.12 Angels
Codis,https://codis.io,Code,"Melbourne, australia",Speed up your Flutter development,,https://www.linkedin.com/company/codis-io/,Pre-Seed,,,,,Antler
Codota,codota.com,Code,"Herzliya, Tel Aviv, Israel",Codota platform helps developers create software faster by providing insights learned from all the code in the world.,,,,,,,,
Debuild,debuild.app,Code,"San Francisco, California, United States","Describe what your app should do in plain English, then start using it within seconds 💫",,,,,,,,
DhiWise,dhiwise.com,Code,"Surat, Gujarat, India",DhiWise is a next-generation graphical programming platform for building entrepreneurship applications.,2021,https://www.linkedin.com/company/dhiwise,Series A,2022-08-23,"$7,000,000.00","$9,500,000.00",Rahul Shingala; Vishal Virani,Accel; India Quotient; Dholakia Ventures; Together Fund
Durable,durable.co,Code,"San Francisco, California, United States","Durable is an online platform that assists service businesses with the setup, templates, marketing, and invoicing of their company.",2021,https://www.linkedin.com/company/durableco/,Seed,2022-12-01,"$6,250,000.00","$12,500,000.00",,Soma Capital; Torch Capital; Lorimer Ventures; Infinity Ventures; Dash Fund
Enzyme,enzyme.so,Code,"New York, New York, United States",Enzyme provides no-code access to Web3 and allows creators and businesses to develop and implement smart contracts.,2020,https://www.linkedin.com/company/enzymehq,Pre-Seed,2021-01-25,"$120,000.00","$120,000.00",Teddy Pejoski,Techstars; Techstars Berlin Accelerator
Kodezi,https://kodezi.com,Code,"San Francisco, California, United States",Grammarly for Programmers!,2019,https://www.linkedin.com/company/kodezi/,Pre seed,2022-05-22,"$820,000","$820,000",Ishraq Khan,Watertower Ventures
Locofy.ai,locofy.ai,Code,"Singapore, Central Region, Singapore",Locofy provides a service that converts designs into code.,2021,https://www.linkedin.com/company/locofy/,Pre-Seed,2022-03-22,"$3,000,000.00","$3,000,000.00",,Accel; Golden Gate Ventures; January Capital; BoldCap
MarsX,https://www.marsx.dev,Code,"Seattle, Washington, United States",Lowcode platform powered by conversational AI and microapps. Users can use natural language in combination to using code,2021,https://www.linkedin.com/company/marsx/,Seed,Feb 2022,1M,1M,John Rush,"Dem Holding AS, KAM holding AS"
"Maya :: Automate your work, in minutes",mayalabs.io,Code,"Bengaluru, Karnataka, India",Maya Labs helps to build machines which can program themselves.,2020,,Grant,2022-08-05,"$500,000.00","$500,000.00",Shubham Mishra; Sibesh Kar,Y Combinator
Metabob,https://metabob.com,Code,"Berkeley, California, United States",Detect and resolve hidden errors before merging code with Metabob's AI,,https://www.linkedin.com/company/metabob/,Pre-Seed,,,,Massimiliano Genta ,Antler 
Mintlify,mintlify.com,Code,"New York, New York, United States",The backend for world-class documentation,2020,https://www.linkedin.com/company/mintsearch,Seed,2022-05-30,"$2,800,000.00","$2,800,000.00",Hahnbee Lee; Han Wang,Y Combinator; Bain Capital Ventures; TwentyTwo VC; Quinn Slack
MutableAI,mutable.ai,Code,"Chicago, U.S.A",MutableAI provides artificial intelligence-based services for software development.,,https://www.linkedin.com/company/mutableai,,,,,Omar Shams,
Replit,replit.com,Code,"San Francisco, California, United States",Repl.it is a browser-based integrated development environment for cross-platform collaborative coding.,2016,https://www.linkedin.com/company/repl-it,Series B,2021-12-09,"$80,000,000.00","$104,620,000.00",Amjad Masad; Faris Masad; Haya Odeh,Coatue; Andreessen Horowitz; Y Combinator; Reach Capital; SV Angel
Tabnine,tabnine.com,Code,"Tel Aviv, Tel Aviv, Israel",Tabnine is an AI code-completion tool that helps developers worldwide write better code faster.,2013,https://il.linkedin.com/company/tabnine,Venture - Series Unknown,2022-06-15,"$15,500,000.00","$32,050,000.00",Dror Weiss; Eran Yahav,OurCrowd; Qualcomm Ventures; Hetz Ventures; Samsung NEXT; Khosla Ventures
The.com,the.com,Code,"San Francisco, California, United States","Build more web, automatically.",2019,https://www.linkedin.com/company/the-com/,Seed,2022-01-27,"$4,400,000.00","$5,338,500.00",Clarke McKinnon; Jeff McKinnon,Village Global; NFX; Darius Contractor; LDR Ventures; Jay Parikh
Theneo,https://www.theneo.io/,Code,"San Francisco, California, United States","Automatically generating high-quality, stripe-like API docs",2021,https://www.linkedin.com/company/theneoinc/,Pre seed,February 2022,"1,500,000","1,500,000",Ana Robakidze,"Merus Capital, Diaspora Ventures, Y Combinator, Cartooli"
Topline,https://toplinepro.com,Code,"New York, NY","Topline Pro uses generative AI to automate the creation of a website and ongoing online presence to help home service businesses be discovered, trusted, and booked, repeatedly.",2021,https://www.linkedin.com/company/toplinepro/,Seed,06/2022,"5,000,000","5,000,000","Nick Ornitz, Shannon Kay","Bonfire Ventures, TMV, BBG Ventures"
Warp,warp.dev,Code,"New York, New York, United States",Warp is a developer of a Rust-based coding terminal designed to make teams productive at coding and application development.,2020,https://www.linkedin.com/company/warpdotdev,Series A,2022-04-05,"$17,000,000.00","$23,000,000.00",Zach Lloyd,BoxGroup; Elad Gil; GV; Contrary; Neo
Autoenhance.ai,autoenhance.ai,Image,"London, England, United Kingdom",Autoenhance.ai offers automated photo editing software using artificial intelligence.,2021,https://www.linkedin.com/company/autoenhance-ai,,,,,,
Beautiful.AI,beautiful.ai,Image,"San Francisco, California, United States",Creating software that understands the rules of great design and allows anyone to build stunningly beautiful visual documents with ease.,2015,https://www.linkedin.com/company/beautiful-ai/,Series B,2018-05-15,"$11,000,000.00","$16,000,000.00",Mitch Grasso,Shasta Ventures; Trinity Ventures; First Round Capital
Blend,blendnow.com,Image,"Bengaluru, Karnataka, India",Blend is AI-driven graphic design and marketing app to help sellers to stand out and sell more products online.,2021,https://www.linkedin.com/company/blenditstudios/,,,,,Vishwanath Kollapudi,
Botika,botika.io,Image,"Tel Aviv, Tel Aviv, Israel",Botika leverages synthetic media to power the fashion industry’s visual content creation and optimization.,2020,https://www.linkedin.com/company/botika-io,Seed,2022-01-01,,,Eran Dagan; Yarin Didi Meir,Operator Partners; Matias Ventures; Homeward Ventures
Bria,bria.ai,Image,"Tel Aviv-yafo, Tel Aviv, Israel",Bria is a Computer Software company.,,https://www.linkedin.com/company/briaai/,,,,,Gal Jacobi; Yair Adato,
Bubbles,https://designwithbubbles.com,Image,"Salt Lake City, Utah, United States",Advanced Image Recognition meets instant editable 3D scenes for average people...think Figma in 3D!,2019,https://www.linkedin.com/company/boominteractive/?viewAsMember=true,Safe Note $5.5M,08-01-2022,"$5,500,000","$7,500,000",Timber Barker,"Sam Malouf, Tamarack Capital"
ClipDrop,clipdrop.co,Image,"Paris, Ile-de-France, France",ClipDrop is an app that turns regular mobile photos into professional product visuals.,2020,,Seed,2021-03-22,,,Cyril Diagne; Damien Henry; Jonathan Blanchet,Y Combinator
Common Sense Machines,csm.ai,Image,"Cambridge, Massachusetts, United States",Common Sense Machines is building artificial intelligence that learns to translate the world into a 3D simulation.,2020,https://www.linkedin.com/company/common-sense-machines/,Seed,2020-06-08,"$5,079,994.00","$5,079,994.00",Josh Tenenbaum; Max Kleiman-Weiner; Tejas Kulkarni; Vikash Mansinghka,Intel Capital; Toyota Ventures; Glasswing Ventures; Omidyar Technology Ventures; Blindspot Ventures
Facet,facet.ai,Image,"San Francisco, California, United States","Facet is a computer software company that provides artists and engineers, aiming to redefine and humanize the creative process.",2017,https://www.linkedin.com/company/facetai/,Series A,2021-11-16,"$13,000,000.00","$15,500,000.00",Joseph Reisinger; Matt Stanton,Accel; Bossanova Investimentos; Gaingels; Edward Lando; Two Sigma Ventures
Hexo,hexo.ai,Image,"Bengaluru, Karnataka, India",,,,,,,,,
Hypar,hypar.io,Image,"Culver City, California, United States",Hypar delivers expertise for multiple organizations to help them quickly create building designs.,2018,https://www.linkedin.com/company/hypar-aec/,Series B,2020-09-09,"$1,480,000.00","$2,480,000.00",Anthony Hauck; Ian Keough,Building Ventures
Kaedim,kaedim.com,Image,"London, England, United Kingdom",AI for turning 2D images into 3D models,2020,https://www.linkedin.com/company/kaedim/,Seed,2021-07-15,,"$203,561.00",Konstantina Psoma; Roman Bromidge,Matt Robinson; Tom Blomfield; Chris Kingsley
Let's Enhance,letsenhance.io,Image,"San Francisco, California, United States",Let's Enhance is a deep-tech company that builds next-gen AI photo management solution for marketplaces,2018,https://www.linkedin.com/company/18297525/,Seed,2021-10-27,"$3,000,000.00","$3,000,000.00",Sofiia Shvets; Vlad Pranskevičius,Techstars; Synetro Group; Techstars London Accelerator; Acrobator Ventures | Acrobator.vc; Digital Future
Maket Technologies,maket.ca,Image,"Montréal, Quebec, Canada",Maket automates the creation of floor plans using generative AI,2019,https://www.linkedin.com/company/maket-technologies,Angel,2021-09-13,,,Jessen Gibbs; Patrick Murphy; Stéphane Turbide,Pareto Holdings; Techstars; Edward Lando; Nadav Ben-Chanoch; Front Row Ventures
Midjourney ,https://midjourney.com,Image,"San Francisco, California, United States",An independent research lab exploring new mediums of thought and expanding the imaginative powers of the human species.,2021,https://www.linkedin.com/company/midjourney/about/,,,,,David Holz,
Modulize,https://www.modulize.io,Image,"Oslo, Norway",Unlock the potential of offsite construction with the ultimate takeoff and cost estimation software,,https://www.modulize.io,Seed,,,,,Antler 
Pencil,trypencil.com,Image,"Singapore, Central Region, Singapore",Pencil is a creative AI platform that generates ads predicted to win.,2018,https://www.linkedin.com/company/trypencil/,Seed,2020-05-01,"$2,750,000.00","$3,850,000.00",James Chadwick; Sumukh Avadhani; Will Hanschell,Wavemaker Partners
PhotoRoom,photoroom.com,Image,"Paris, Ile-de-France, France",PhotoRoom is an AI-enabled image capturing app that lets users create studio-quality product pictures in seconds.,2019-01-01,https://www.linkedin.com/company/photoroom/,Series A,2022-11-23,"$19,000,000.00","$19,125,000.00",Eliot Andres; Matthieu Rouif,Y Combinator; FJ Labs; Adjacent; Meta; Hugging Face
Poly,withpoly.com,Image,"Santa Monica, California, United States",Generate Design Assets with AI in Seconds,2022,https://www.linkedin.com/company/withpoly/,Pre-Seed,2022-02-20,,,Abhay Agarwal; Sam Young,Y Combinator
Recast : AI,https://recastai.com,Image,"Singapore, Central Region, Singapore",Create it. Own it.,,https://www.linkedin.com/company/recast-ai/,Pre-Seed,,,,,Antler
Rosebud AI,rosebud.ai,Image,"San Francisco, California, United States",Rosebud AI uses deep learning to create photos and videos of virtual models for brand advertising and entertainment.,2019,https://www.linkedin.com/company/rosebud-ai/,Venture - Series Unknown,2020-08-18,,"$1,500,000.00",Lisha Li,Y Combinator; Amplify Partners; Lux Capital; Kevin Lin; Foothill Ventures
Scenario,https://www.scenario.gg,Image,"San Francisco, California, United States",Generative AI for game assets,2021,,Seed,2022,,"5,000,000",Emmanuel de Maistre,"Play Ventures, Anorak Ventures, Angels"
Sloyd ,https://www.sloyd.ai,Image,"Oslo, Norway",Instant Automagic 3D creation,,https://www.linkedin.com/company/sloyd/,Pre-Seed,,,,,Antler 
Soul Machines,soulmachines.com,Image,"Auckland, Auckland, New Zealand",Soul Machines designs intelligent and emotionally responsive avatars that changes the way people interact with machines.,2016,https://www.linkedin.com/company/soul-machines-os,Series B,2022-02-14,"$70,000,000.00","$135,000,000.00",Greg Cross; Mark Sagar,Temasek Holdings; Lakestar; Horizons Ventures; Salesforce Ventures; SoftBank Vision Fund
stability.ai,stability.ai,Image,"London, England, United Kingdom",Stability AI is an AI-driven visual art startup that designs and implements an open AI tool to create images based on text input given.,20219,https://www.linkedin.com/company/stability-ai,Seed,2022-10-12,"$98,797,885.00","$98,797,885.00",Emad Mostaque,Coatue; Lightspeed Venture Partners; O'Shaughnessy Asset Management
Uizard Technologies,uizard.io,Image,"Copenhagen, Hovedstaden, Denmark",Uizard is a design tool for non-designers — powered by AI,2018,https://www.linkedin.com/company-beta/18083715/,Series A,2021-08-18,"$15,000,000.00","$18,600,000.00",Florian Van Schreven; Henrik Haugbølle; Ioannis Sintos; Tony Beltramelli,Insight Partners; 7percent Ventures; ByFounders; AV8 Ventures; LDV Capital
Alive,https://www.aive.com,Video,"Paris, Ile-de-France, France",Generative AI video platform for video post-production automation.,2019,https://www.linkedin.com/company/aive/,Seed,2022,"$3,600,000","$4,000,000","Olivier Reynaud, Rudy Lellouche","+70 business angels : Renaud Visage, Pareto, Scout Sequoia etc…"
AudioLabs,https://www.audiolabs.io/?utm_source=antler,Video,"Tel Aviv, Tel Aviv, Israel",We make audio discoverable on video with AI. Ideal for podcasters looking to grow on short-form video,2021,https://www.linkedin.com/company/audio-labs-io/,Pre-Seed,,,,"Tomer Dean (CEO), Peleg Aran (CTO), Ran Alter (CPO)",10 Angel Investors & Tech CEOs
Basch,basch.io,Video,,,,,,,,,,
Colossyan Synthetic Media Generation,colossyan.com,Video,"Wilmington, Delaware, United States",With Colossyan you can create AI videos with real actors much cheaper and faster than with traditional studio recordings or video software.,2020,https://www.linkedin.com/company/colossyan/about/,Convertible Note,2022-11-04,,"$1,179,350.00",Dominik Mate Kovacs; Kristof Szabo; Zoltan Kovacs,APX; Day One Capital; Oktogon Ventures; Mikal Hallstrup; Akos Kapui
Deepdub,deepdub.ai,Video,"Tel Aviv-yafo, Tel Aviv, Israel",Deepdub provides an AI-based dubbing service for entertainment content.,2019,https://www.linkedin.com/company/deepdub-ai,Series A,2022-02-10,"$20,000,000.00","$20,000,000.00",Nir Krakowski; Ofir Krakowski,Insight Partners; Swift Ventures; Stardom Ventures; Matias Ventures; Danny Grander
Fathom Video,fathom.video,Video,"San Francisco, California, United States",Fathom Video is an audiovisual recording service that integrates with both Zoom and Google Calendar.,2020,https://www.linkedin.com/company/fathom-video/,Seed,2022-01-24,"$4,700,000.00","$4,700,000.00",Richard White,Zoom; Soma Capital; Pario Ventures; Global Founders Capital; Liquid 2 Ventures
GlossAI,https://glossai.co/,Video,"Tel Aviv, Tel Aviv, Israel","An AI video generator that storifies existing content, turning it into shareworthy short-form videos that maximize engagement",2021,https://il.linkedin.com/company/glossai,Seed,June 2022,7.3M,7.3M,"Ofer Familier, Adi Paz, Eyal Koren","New Era Capital Partners, Guidestar Capital, 97212 Ventures, MindCET Ventures, Ginossar Ventures, Maccabee Ventures, Rafi Gidron"
Incentivai,incentivai.co,Video,"San Francisco, California, United States",Incentivai is a tool for testing incentive structures of smart contract economies via simulation using AI agents.,2018,https://www.linkedin.com/company/incentivai/,Seed,2018-08-20,"$120,000.00","$120,000.00",Piotr Grudzień,Y Combinator
InVideo,invideo.io,Video,"Singapore, Central Region, Singapore",InVideo is re-inventing video creation and making it accessible to the world.,2017,https://www.linkedin.com/company/invideoio,Series B,2021-07-06,"$35,000,000.00","$52,500,000.00",Harsh Vakharia; Pankit Chheda; Sanket Shah,Tiger Global Management; Lightspeed Venture Partners; Surge; Sequoia Capital India; Hummingbird Ventures
Lumen5,lumen5.com,Video,"Vancouver, British Columbia, Canada",Lumen5 is an A.I. driven video creation platform that can transform articles and blog posts into social videos through a simple interface.,2016,https://www.linkedin.com/company/lumen5/?originalSubdomain=ca,Grant,2019-09-12,"$105,000.00","$105,000.00",Chris Bowal; Michael Cheng; Nigel Gutzmann,Creative Destruction Lab (CDL); NEXT Canada; New Ventures BC
Maverick,trymaverick.com,Video,"San Francisco, California, United States",Enabling e-commerce businesses to send customers personalized videos at scale using AI.,2021,https://www.linkedin.com/company/trymaverick,,,,,Debarshi Chaudhuri; Eitan Winer,
Metaphysic.ai,metaphysic.ai,Video,"London, England, United Kingdom",Metaphysic develops artificial intelligence-assisted tools to assist content creators in creating content.,2021,https://www.linkedin.com/company/metaphysic-ai,Seed,2022-01-25,"$7,500,000.00","$7,500,000.00",Chris Ume; Kevin Ume; Thomas Graham,8VC; Section 32; Winklevoss Capital; Logan Paul
Peech,peech-ai.com,Video,"Tel Aviv, Tel Aviv, Israel",The first generative AI video expert that turns content teams into #unstoppablecreators.,,https://www.linkedin.com/company/peechai/?originalSubdomain=il,,,,,Danielle Dafni ,
Pictory.AI,pictory.ai,Video,"Bothell, Washington, United States","Pictory is an AI that converts long-form content such as webinars, blogs, white papers into dozens of short social videos in minutes.",2019,https://www.linkedin.com/company/pictory,Seed,2022-01-04,"$2,100,000.00","$2,100,000.00",Abid Ali Mohammed; Vikram Chalana; Vishal Chalana,FUSE; Voyager Capital; Bill Bryant; Bharat Shyam; Omri Bahat
Potion,sendpotion.com,Video,"San Francisco, California, United States","Potion is a software tool that provides screen recordings, dynamic videos, customized themes, calendar embeds and secured video services.",2020,https://www.linkedin.com/company/sendpotion/,Seed,2021-10-01,,,Andrew Boos,Streamlined Ventures; Unshackled Ventures
Recut,getrecut.io,Video,"New York, New York, United States",Recut creates individualized video campaigns at scale.,,https://www.linkedin.com/company/recutrijswijk/about/,,,,,,
Rephrase.ai,rephrase.ai,Video,"San Francisco, California, United States",Rephrase builds generative AI tools to create professional videos with the ease of writing text.,2019,https://www.linkedin.com/company/rephrase-ai,Series A,2022-09-15,"$10,600,000.00","$12,200,000.00",Ashray Malhotra; Nisheeth Lahoti; Shivam Mangla,Techstars; 8VC; Silver Lake; Red Ventures; Lightspeed India Partners
Respeecher,respeecher.com,Video,"Kyiv, Kyyiv, Ukraine",We build high fidelity voice cloning (voice conversion) systems using deep neural networks.,2018,https://www.linkedin.com/company/respeecher/,Venture - Series Unknown,2021-12-30,,"$1,500,000.00",Alex Serdiuk; Dmytro Bielievtsov; Grant Reaber,Techstars; TechNexus Venture Collaborative; Chris Adelsbach; Ff Venture Capital; NETWORK VC
Runway,runwayml.com,Video,"New York, New York, United States",Runway is a next generation video editing solution powered by machine learning.,2018,https://www.linkedin.com/company/runwayml,Series C,2022-12-05,"$50,000,000.00","$95,500,000.00",Alejandro Matamala; Anastasis Germanidis; Cristóbal Valenzuela Barrera,Coatue; Madrona; Amplify Partners; Compound; Guillermo Rauch
Steve.AI,steve.ai,Video,"California, Kentucky, United States",Steve.AI is a patented online video-making software that helps anyone to create live-action videos and animations quickly.,,https://www.linkedin.com/showcase/steve.ai/,,,,,,
Synthesia,synthesia.io,Video,"London, England, United Kingdom",Synthesia is an AI video avatar platform that creates professional videos from a text in different languages.,2017,https://www.linkedin.com/company/synthesia-technologies/,Series B,2021-12-08,"$50,000,000.00","$66,600,000.00",Lourdes Agapito; Matthias Niessner; Steffen Tjerrild; Victor Riperbelli,Seedcamp; GV; Kleiner Perkins; MMC Ventures; FirstMark
Tavus.io,tavus.io,Video,"Houston, Texas, United States","Record One Video, We'll Handle The Next Thousand",2021,https://www.linkedin.com/company/tavus-io/,Seed,2022-05-01,,,Hassaan Raza; Quinn Favret,Sequoia Capital; Y Combinator; Soma Capital; SV Angel; Liquid 2 Ventures
Terra,welcometerra.com,Video,"New York, New York, United States",Terra is a machine learning video editing platform for content and communications teams,2021,https://www.linkedin.com/company/terra-digital-video,Pre-Seed,2022-05-01,"$200,000.00","$200,000.00",Eran Ganot; Karam Sethi,Antler
VEED,veed.io,Video,"Benfleet, Essex, United Kingdom",VEED.IO is an online video editing platform that makes creating videos.,2018,https://www.linkedin.com/company/veedhq,Series A,2022-02-03,"$35,000,000.00","$35,000,000.00",Sabba Keynejad; Timur Mamedov,Sequoia Capital
VOCHI,vochi.com,Video,"Nicosia, Nicosia, Cyprus",VOCHI is a video and photo editing application that enables the addition of effects to individual objects in real-time.,2019,https://www.linkedin.com/company/vochi-video-effects,Seed,2021-07-23,"$2,400,000.00","$4,400,000.00",Andrei Avsievich; Anna Buglakova; Ilya Lesun; Sergey Malyutin; Vasil Kasnitski; Yury Melnichek,Startup Wise Guys; Flyer One Ventures; JOINT JOURNEY; Angelsdeck Global Ventures; TA Ventures
Windsor.io,windsor.io,Video,"San Francisco, California, United States",Windsor brings AI and augmented media tech to video personalization,2018,https://www.linkedin.com/company/windsorio/,Seed,2021-10-20,"$2,600,000.00","$3,100,000.00",Andrew Faust; Pranay Prakash,Y Combinator; Precursor Ventures; Shrug Capital; Packy McCormick; Polymath Capital
WOMBO,wombo.ai,Video,"Toronto, Ontario, Canada",WOMBO is an AI-powered lip sync app that creates deepfake copies of images lip-syncing to a selection of songs.,2020,https://www.linkedin.com/company/wombo-ai,Seed,2022-06-24,,"$6,000,000.00",Akshat Jagga; Angad Arneja; Ben Zion Benkhin; Parshant Loungani; Paul Pavel; Vivek Bhakta,500 Global; 468 Capital; Global Founders Capital; FJ Labs; Flucas Ventures
Xembly,xembly.com,Video,"Seattle, Washington, United States",Xembly applies Intelligent Automation to improve meeting productivity.,,https://www.linkedin.com/company/xembly/,Series A,2022-10-04,"$15,000,000.00","$15,000,000.00",,Norwest Venture Partners; Lightspeed Venture Partners; Ascend; Seven Peaks Ventures; FLEX Capital Management GmbH
Yepic AI,yepic.ai,Video,"London, England, United Kingdom",Yepic AI build video production and dubbing tools help companies communicate better.,2019,https://www.linkedin.com/company/yepic-ai,,,,,Aaron Jones; Yannis Kazantzidis,
Zubtitle,zubtitle.com,Video,"Charleston, South Carolina, United States",Zubtitle is the first video caption tool that makes it easy to automatically add captions to any video. Powered by Google.,2018,,,,,,Baird Hall; Jay McAliley,
Bifrost,bifrost.ai,Data,"Singapore, Central Region, Singapore",Bifrost develops synthetic data tools to help AI teams build robust computer vision models - no data collection or labelling required.,2019,https://www.linkedin.com/company/bifrost-ai/,Seed,2021-03-18,"$1,600,000.00","$1,600,000.00",Aravind Kandiah; Charles Wong,Techstars; Wavemaker Partners; Lux Capital; Hustle Fund; Sequoia Capital India
Databar,https://databar.ai,Data,"New York, New York, United States",A no-code data enrichment platform.,2021,https://www.linkedin.com/company/databar-nocode/,Pre-seed,April 2022,"$250,000","$350,000",David Abaev,
Datagen,datagen.tech,Data,"Tel Aviv, Tel Aviv, Israel","Datagen Technologies develops simulated data technology to be scalable, bias-free, and automatically annotated.",2018,https://www.linkedin.com/company/datagen-tech/,Series B,2022-03-23,"$50,000,000.00","$72,000,000.00",Gil Elbaz; Ofir Chakon,Operator Partners; Viola Ventures; Spider Capital; TLV Partners; Scale Venture Partners
Gretel.ai,gretel.ai,Data,"San Diego, California, United States",Gretel helps developers to build quickly with the data and safely share it with others.,2019,https://www.linkedin.com/company/gretelai,Series B,2021-10-07,"$52,199,996.00","$67,699,996.00",Alexander Watson; Ali Golshan; John Myers; Laszlo Bock,Village Global; Greylock; Section 32; Village Capital; Anthos Capital
HiGeorge,dataherald.com,Data,"San Francisco, California, United States",Dataherald is a software development company that offers data visualizations.,2019,https://www.linkedin.com/company/dataherald,Pre-Seed,2021-08-08,"$2,000,000.00","$2,000,000.00",Amir Zohrenejad; Anuj Saigal,
Pilot AI,getpilot.ai,Data,,,,,,,,,,
Syntegra,syntegra.io,Data,"San Francisco, California, United States",Syntegra applies state-of-the-art machine learning models to create synthetic healthcare datasets.,2019,https://www.linkedin.com/company/syntegra-io,Seed,2021-08-20,,"$5,625,000.00",Michael Lesh; Ofer Mendelvitch,Village Global; Hike Ventures; Launchpad Capital; Impact Venture Capital; GRIDS Capital
Charisma ,https://charisma.ai,Gaming,"Oxford, U.K",Power Real-time Digital Humans,,,,,,,,
Hidden Door,https://www.hiddendoor.co,Gaming,"Brooklyn, New York, United States","We talk about storytelling, narrative games, building with language AI, and all of the fun of starting a company at the intersection of machine learning and immersive entertainment. The adventures and misadventures of humans and machines!",,,,,,,,
Latitude,latitude.io,Gaming,"Provo, Utah, United States",Latitude develops AI-powered games designed for player freedom and self-expression.,2019,https://www.linkedin.com/company/latitude-games/,Seed,2021-02-04,"$3,300,000.00","$4,050,000.00",Alan Walton; Nick Walton,NFX; Griffin Gaming Partners; Album VC
Scenario,https://www.scenario.gg,Gaming,,Generative AI for game assets,2021,,Seed,2022,,"5,000,000","Emmanuel de Maistre, Hervé Nivon","Play Ventures, Anorak Ventures, Angels"
Spellbrush,spellbrush.com,Gaming,"San Francisco, California, United States",Spellbrush is a Computer Software company,2016,https://www.linkedin.com/company/sizigistudios/,Seed,2018-08-05,"$120,000.00","$120,000.00",Cory Li; Ruwen Liu,Y Combinator; NewDo Venture